iso3c,total_patents,avg_data_share,avg_data_patents_per_million,years_observed
ISR,8021.0,0.374,5.918,47
NLD,37352.0,0.324,17.292,49
JPN,614848.0,0.315,29.65,50
ITA,10377.0,0.308,0.869,49
CHE,21652.0,0.307,14.83,52
CAN,28288.0,0.301,4.11,51
DEU,124882.0,0.281,7.859,54
USA,1902986.0,0.268,24.378,70
SWE,30648.0,0.263,13.168,47
GBR,24211.0,0.251,1.719,54
FRA,45318.0,0.243,2.839,55
FIN,18307.0,0.242,8.987,48
SGP,6331.0,0.206,8.64,31
KOR,15117.0,0.205,1.976,34
CHN,5308.0,0.183,0.018,37
